season,grand_prix,round_number,driver,team,grid_position,finish_position,win,qualifying_position,qualifying_gap,reached_q3,avg_finish_last_3,avg_quali_last_3,podium_rate_last_5,dnf_rate_last_5,avg_position_gain_last_3,points_last_3,team_avg_finish_season,team_avg_quali_season,driver_championship_position,has_grid_penalty,driver_circuit_avg,team_circuit_avg
2020,Austrian Grand Prix,1,ALB,Red Bull Racing,4.0,13.0,0,5.0,0.929,1,8.333333333333334,5.666666666666667,0.0,0.0,-2.3333333333333335,18.0,,,,1,15.0,6.75
2020,Austrian Grand Prix,1,BOT,Mercedes,1.0,1.0,1,1.0,0.0,1,8.333333333333334,4.0,0.0,0.0,-4.0,37.0,,,,0,11.0,10.75
2020,Austrian Grand Prix,1,GAS,AlphaTauri,12.0,7.0,0,12.0,,0,12.0,9.0,0.0,0.0,0.0,18.0,,,,0,9.0,
2020,Austrian Grand Prix,1,GIO,Alfa Romeo Racing,18.0,9.0,0,18.0,,0,11.666666666666666,14.666666666666666,0.0,0.0,3.6666666666666665,10.0,,,,0,10.0,9.5
2020,Austrian Grand Prix,1,GRO,Haas F1 Team,15.0,16.0,0,15.0,,0,14.333333333333334,13.666666666666666,0.0,0.0,-1.3333333333333333,0.0,,,,0,10.0,11.0
2020,Austrian Grand Prix,1,HAM,Mercedes,5.0,4.0,0,2.0,0.012,1,3.3333333333333335,4.0,0.0,0.0,0.6666666666666666,49.0,,,,1,10.5,10.75
2020,Austrian Grand Prix,1,KVY,AlphaTauri,13.0,12.0,0,13.0,,0,10.333333333333334,12.666666666666666,0.0,0.0,1.6666666666666667,3.0,,,,0,17.0,
2020,Austrian Grand Prix,1,LAT,Williams,20.0,11.0,0,20.0,,0,,,0.0,0.0,,,,,,0,,16.25
2020,Austrian Grand Prix,1,LEC,Ferrari,7.0,2.0,0,7.0,0.984,1,8.333333333333334,3.3333333333333335,0.2,0.0,-5.333333333333333,27.0,,,,0,5.5,2.75
2020,Austrian Grand Prix,1,MAG,Haas F1 Team,16.0,17.0,0,16.0,,0,14.333333333333334,13.0,0.0,0.0,-1.6666666666666667,0.0,,,,0,12.0,11.0
2020,Austrian Grand Prix,1,NOR,McLaren,3.0,3.0,0,4.0,0.687,1,7.666666666666667,9.0,0.6,0.0,-2.6666666666666665,14.0,,,,1,6.0,9.25
2020,Austrian Grand Prix,1,OCO,Renault,14.0,8.0,0,14.0,,0,15.0,10.0,0.0,0.0,-5.0,0.0,,,,0,6.0,14.25
2020,Austrian Grand Prix,1,PER,Racing Point,6.0,6.0,0,6.0,0.929,1,8.666666666666666,15.0,0.0,0.0,6.333333333333333,9.0,,,,0,9.0,12.5
2020,Austrian Grand Prix,1,RAI,Alfa Romeo Racing,19.0,14.0,0,19.0,,0,9.333333333333334,13.333333333333334,0.0,0.0,2.0,12.0,,,,0,5.5,9.5
2020,Austrian Grand Prix,1,RIC,Renault,10.0,19.0,0,10.0,1.3,1,7.666666666666667,11.333333333333334,0.0,0.0,4.666666666666667,16.0,,,,0,15.0,14.25
2020,Austrian Grand Prix,1,RUS,Williams,17.0,15.0,0,17.0,,0,15.333333333333334,18.333333333333332,0.2,0.0,3.3333333333333335,0.0,,,,0,18.0,16.25
2020,Austrian Grand Prix,1,SAI,McLaren,8.0,5.0,0,8.0,1.032,1,7.0,11.333333333333334,0.2,0.0,3.3333333333333335,20.0,,,,0,10.0,9.25
2020,Austrian Grand Prix,1,STR,Racing Point,9.0,18.0,0,9.0,1.09,1,17.333333333333332,15.666666666666666,0.0,0.0,1.0,0.0,,,,0,14.0,12.5
2020,Austrian Grand Prix,1,VER,Red Bull Racing,2.0,20.0,0,3.0,0.538,1,2.0,1.6666666666666667,1.0,0.0,-1.6666666666666667,58.0,,,,1,1.0,6.75
2020,Austrian Grand Prix,1,VET,Ferrari,11.0,10.0,0,11.0,,0,14.0,2.3333333333333335,0.0,0.0,-10.666666666666666,10.0,,,,0,3.5,2.75
2020,Styrian Grand Prix,2,ALB,Red Bull Racing,6.0,4.0,0,7.0,1.738,1,11.0,5.666666666666667,0.0,0.0,-5.0,8.0,16.5,4.0,11.0,1,,
2020,Styrian Grand Prix,2,BOT,Mercedes,4.0,2.0,0,4.0,1.428,1,8.333333333333334,2.3333333333333335,0.0,0.0,-5.0,37.0,2.5,1.5,1.0,0,,
2020,Styrian Grand Prix,2,GAS,AlphaTauri,7.0,15.0,0,8.0,1.755,1,9.0,9.666666666666666,0.0,0.0,1.3333333333333333,24.0,9.5,12.5,7.0,1,,
2020,Styrian Grand Prix,2,GIO,Alfa Romeo Racing,19.0,14.0,0,19.0,,0,10.0,15.666666666666666,0.0,0.0,6.333333333333333,12.0,11.5,18.5,9.0,0,,
2020,Styrian Grand Prix,2,GRO,Haas F1 Team,0.0,13.0,0,20.0,,0,14.666666666666666,12.666666666666666,0.0,0.0,-2.0,0.0,16.5,15.5,12.0,1,,
2020,Styrian Grand Prix,2,HAM,Mercedes,1.0,1.0,1,1.0,0.0,1,4.0,3.3333333333333335,0.0,0.0,-1.0,43.0,2.5,1.5,4.0,0,,
2020,Styrian Grand Prix,2,KVY,AlphaTauri,13.0,10.0,0,14.0,,0,10.333333333333334,14.0,0.0,0.0,2.6666666666666665,3.0,9.5,12.5,13.0,1,,
2020,Styrian Grand Prix,2,LAT,Williams,18.0,17.0,0,18.0,,0,11.0,20.0,0.0,0.0,9.0,0.0,13.0,18.5,14.0,0,,
2020,Styrian Grand Prix,2,LEC,Ferrari,14.0,19.0,0,11.0,,0,7.666666666666667,5.0,0.2,0.0,-3.0,33.0,6.0,9.0,2.0,1,,
2020,Styrian Grand Prix,2,MAG,Haas F1 Team,15.0,12.0,0,15.0,,0,14.0,12.666666666666666,0.0,0.0,-2.6666666666666665,0.0,16.5,15.5,15.0,0,,
2020,Styrian Grand Prix,2,NOR,McLaren,9.0,5.0,0,6.0,1.652,1,6.333333333333333,7.666666666666667,0.6,0.0,1.6666666666666667,23.0,4.0,6.0,3.0,1,,
2020,Styrian Grand Prix,2,OCO,Renault,5.0,18.0,0,5.0,1.649,1,11.333333333333334,12.666666666666666,0.0,0.0,1.3333333333333333,4.0,13.5,12.0,8.0,0,,
2020,Styrian Grand Prix,2,PER,Racing Point,17.0,6.0,0,17.0,,0,7.333333333333333,13.333333333333334,0.0,0.0,5.0,16.0,12.0,7.5,6.0,0,,
2020,Styrian Grand Prix,2,RAI,Alfa Romeo Racing,16.0,11.0,0,16.0,,0,10.333333333333334,15.0,0.0,0.0,5.333333333333333,12.0,11.5,18.5,16.0,0,,
2020,Styrian Grand Prix,2,RIC,Renault,8.0,8.0,0,9.0,1.919,1,12.0,10.333333333333334,0.0,0.0,0.0,8.0,13.5,12.0,17.0,1,,
2020,Styrian Grand Prix,2,RUS,Williams,11.0,16.0,0,12.0,,0,14.666666666666666,17.666666666666668,0.2,0.0,3.0,0.0,13.0,18.5,18.0,1,,
2020,Styrian Grand Prix,2,SAI,McLaren,3.0,9.0,0,3.0,1.398,1,6.0,11.666666666666666,0.2,0.0,6.333333333333333,26.0,4.0,6.0,5.0,0,,
2020,Styrian Grand Prix,2,STR,Racing Point,12.0,7.0,0,13.0,,0,19.0,13.333333333333334,0.0,0.0,-3.3333333333333335,0.0,12.0,7.5,19.0,1,,
2020,Styrian Grand Prix,2,VER,Red Bull Racing,2.0,3.0,0,2.0,1.216,1,7.666666666666667,2.3333333333333335,1.0,0.0,-5.666666666666667,43.0,16.5,4.0,20.0,0,,
2020,Styrian Grand Prix,2,VET,Ferrari,10.0,20.0,0,10.0,2.378,1,10.666666666666666,5.0,0.0,0.0,-10.666666666666666,11.0,6.0,9.0,10.0,0,,
2020,Hungarian Grand Prix,3,ALB,Red Bull Racing,13.0,5.0,0,13.0,,0,7.666666666666667,6.0,0.0,0.0,-4.333333333333333,20.0,10.0,4.25,7.0,0,10.0,7.75
2020,Hungarian Grand Prix,3,BOT,Mercedes,2.0,3.0,0,2.0,0.107,1,2.3333333333333335,3.3333333333333335,0.0,0.0,-4.333333333333333,55.0,2.0,2.0,1.0,0,6.5,3.75
2020,Hungarian Grand Prix,3,GAS,AlphaTauri,10.0,20.0,0,10.0,,0,13.333333333333334,9.0,0.0,0.0,1.0,6.0,11.0,11.75,9.0,0,6.0,
2020,Hungarian Grand Prix,3,GIO,Alfa Romeo Racing,19.0,17.0,0,19.0,,0,13.0,16.666666666666668,0.0,0.0,7.333333333333333,2.0,12.0,18.0,13.0,0,18.0,12.5
2020,Hungarian Grand Prix,3,GRO,Haas F1 Team,0.0,16.0,0,18.0,,0,14.666666666666666,14.333333333333334,0.0,0.0,0.3333333333333333,0.0,14.5,16.5,16.0,1,15.0,12.5
2020,Hungarian Grand Prix,3,HAM,Mercedes,1.0,1.0,1,1.0,0.0,1,2.0,2.0,0.0,0.0,-2.0,62.0,2.0,2.0,2.0,0,1.0,3.75
2020,Hungarian Grand Prix,3,KVY,AlphaTauri,17.0,12.0,0,17.0,,0,10.333333333333334,14.333333333333334,0.0,0.0,3.6666666666666665,3.0,11.0,11.75,14.0,0,15.0,
2020,Hungarian Grand Prix,3,LAT,Williams,15.0,19.0,0,15.0,,0,14.0,19.0,0.0,0.0,5.0,0.0,14.75,16.75,17.0,0,,17.0
2020,Hungarian Grand Prix,3,LEC,Ferrari,6.0,11.0,0,6.0,1.37,1,8.0,7.333333333333333,0.2,0.0,-5.666666666666667,33.0,12.75,9.75,4.0,0,12.0,3.0
2020,Hungarian Grand Prix,3,MAG,Haas F1 Team,0.0,10.0,0,16.0,,0,14.333333333333334,13.666666666666666,0.0,0.0,0.3333333333333333,0.0,14.5,16.5,18.0,1,10.0,12.5
2020,Hungarian Grand Prix,3,NOR,McLaren,8.0,13.0,0,8.0,1.519,1,5.333333333333333,7.0,0.6,0.0,1.6666666666666667,29.0,5.5,5.25,3.0,0,9.0,10.0
2020,Hungarian Grand Prix,3,OCO,Renault,14.0,14.0,0,14.0,,0,13.666666666666666,10.666666666666666,0.0,0.0,-3.0,4.0,13.25,9.5,11.0,0,13.0,11.75
2020,Hungarian Grand Prix,3,PER,Racing Point,4.0,7.0,0,4.0,1.098,1,6.333333333333333,12.666666666666666,0.0,0.0,5.666666666666667,22.0,9.25,11.25,5.0,0,12.5,14.0
2020,Hungarian Grand Prix,3,RAI,Alfa Romeo Racing,20.0,15.0,0,20.0,,0,12.666666666666666,14.666666666666666,0.0,0.0,5.0,0.0,12.0,18.0,19.0,0,5.0,12.5
2020,Hungarian Grand Prix,3,RIC,Renault,11.0,8.0,0,11.0,,0,12.666666666666666,10.333333333333334,0.0,0.0,-0.6666666666666666,4.0,13.25,9.5,12.0,0,9.0,11.75
2020,Hungarian Grand Prix,3,RUS,Williams,12.0,18.0,0,12.0,,0,16.0,15.666666666666666,0.2,0.0,1.3333333333333333,0.0,14.75,16.75,20.0,0,16.0,17.0
2020,Hungarian Grand Prix,3,SAI,McLaren,9.0,9.0,0,9.0,1.58,1,8.0,10.333333333333334,0.2,0.0,4.666666666666667,13.0,5.5,5.25,8.0,0,7.0,10.0
2020,Hungarian Grand Prix,3,STR,Racing Point,3.0,4.0,0,3.0,0.93,1,15.0,13.0,0.0,0.0,-1.6666666666666667,6.0,9.25,11.25,10.0,0,17.0,14.0
2020,Hungarian Grand Prix,3,VER,Red Bull Racing,7.0,2.0,0,7.0,1.402,1,8.333333333333334,2.0,1.0,0.0,-6.0,33.0,10.0,4.25,6.0,0,10.5,7.75
2020,Hungarian Grand Prix,3,VET,Ferrari,5.0,6.0,0,5.0,1.327,1,11.666666666666666,7.666666666666667,0.0,0.0,-8.0,11.0,12.75,9.75,15.0,0,2.5,3.0
2020,British Grand Prix,4,ALB,Red Bull Racing,12.0,8.0,0,12.0,,0,7.333333333333333,8.333333333333334,0.0,0.0,1.0,22.0,7.833333333333333,6.166666666666667,5.0,0,12.0,7.25
2020,British Grand Prix,4,BOT,Mercedes,2.0,11.0,0,2.0,0.313,1,2.0,2.3333333333333335,0.0,0.0,0.3333333333333333,58.0,2.0,1.8333333333333333,2.0,0,3.0,2.25
2020,British Grand Prix,4,GAS,AlphaTauri,11.0,7.0,0,11.0,,0,14.0,10.0,0.0,0.0,-4.0,6.0,12.666666666666666,12.333333333333334,12.0,0,8.5,
2020,British Grand Prix,4,GIO,Alfa Romeo Racing,15.0,14.0,0,17.0,,0,13.333333333333334,18.666666666666668,0.0,0.0,5.333333333333333,2.0,13.333333333333334,18.5,14.0,1,18.0,13.0
2020,British Grand Prix,4,GRO,Haas F1 Team,17.0,16.0,0,19.0,,0,15.0,17.666666666666668,0.0,0.0,2.6666666666666665,0.0,14.0,16.666666666666668,17.0,1,17.5,16.0
2020,British Grand Prix,4,HAM,Mercedes,1.0,1.0,1,1.0,0.0,1,2.0,1.3333333333333333,0.0,0.0,-0.6666666666666666,62.0,2.0,1.8333333333333333,1.0,0,1.5,2.25
2020,British Grand Prix,4,HUL,Racing Point,13.0,20.0,0,13.0,,0,12.0,12.333333333333334,0.0,0.0,1.0,2.0,8.0,8.666666666666666,,0,8.0,15.0
2020,British Grand Prix,4,KVY,AlphaTauri,19.0,18.0,0,14.0,,0,11.333333333333334,14.666666666666666,0.0,0.0,3.3333333333333335,1.0,12.666666666666666,12.333333333333334,15.0,1,9.0,
2020,British Grand Prix,4,LAT,Williams,18.0,15.0,0,20.0,,0,15.666666666666666,17.666666666666668,0.0,0.0,2.0,0.0,16.0,15.666666666666666,18.0,1,,13.75
2020,British Grand Prix,4,LEC,Ferrari,4.0,3.0,0,4.0,1.124,1,10.666666666666666,8.0,0.2,0.0,-2.6666666666666665,18.0,11.333333333333334,8.333333333333334,7.0,0,11.0,5.75
2020,British Grand Prix,4,MAG,Haas F1 Team,14.0,19.0,0,16.0,,0,13.0,15.666666666666666,0.0,0.0,2.6666666666666665,1.0,14.0,16.666666666666668,16.0,1,14.5,16.0
2020,British Grand Prix,4,NOR,McLaren,5.0,5.0,0,5.0,1.479,1,7.0,6.0,0.6,0.0,-1.0,25.0,7.333333333333333,6.333333333333333,4.0,0,11.0,9.0
2020,British Grand Prix,4,OCO,Renault,9.0,6.0,0,9.0,1.906,1,13.333333333333334,11.0,0.0,0.0,-2.3333333333333335,4.0,12.5,10.5,13.0,0,7.0,10.0
2020,British Grand Prix,4,RAI,Alfa Romeo Racing,16.0,17.0,0,18.0,,0,13.333333333333334,18.333333333333332,0.0,0.0,5.0,0.0,13.333333333333334,18.5,19.0,1,5.5,13.0
2020,British Grand Prix,4,RIC,Renault,8.0,4.0,0,8.0,1.706,1,11.666666666666666,10.0,0.0,0.0,-1.6666666666666667,8.0,12.5,10.5,11.0,0,6.0,10.0
2020,British Grand Prix,4,RUS,Williams,20.0,12.0,0,15.0,,0,16.333333333333332,13.666666666666666,0.2,0.0,-2.6666666666666665,0.0,16.0,15.666666666666666,20.0,1,14.0,13.75
2020,British Grand Prix,4,SAI,McLaren,7.0,13.0,0,7.0,1.662,1,7.666666666666667,6.666666666666667,0.2,0.0,-1.0,14.0,7.333333333333333,6.333333333333333,9.0,0,11.5,9.0
2020,British Grand Prix,4,STR,Racing Point,6.0,9.0,0,6.0,1.536,1,9.666666666666666,8.333333333333334,0.0,0.0,-1.3333333333333333,18.0,8.0,8.666666666666666,8.0,0,12.5,15.0
2020,British Grand Prix,4,VER,Red Bull Racing,3.0,2.0,0,3.0,1.022,1,8.333333333333334,4.0,1.0,0.0,-4.333333333333333,33.0,7.833333333333333,6.166666666666667,3.0,0,10.0,7.25
2020,British Grand Prix,4,VET,Ferrari,10.0,10.0,0,10.0,2.036,1,12.0,8.666666666666666,0.0,0.0,-3.3333333333333335,9.0,11.333333333333334,8.333333333333334,10.0,0,8.5,5.75
2020,70th Anniversary Grand Prix,5,ALB,Red Bull Racing,9.0,5.0,0,9.0,1.515,1,5.666666666666667,10.666666666666666,0.0,0.0,5.0,26.0,7.125,6.5,6.0,0,,
2020,70th Anniversary Grand Prix,5,BOT,Mercedes,1.0,3.0,0,1.0,0.0,1,5.333333333333333,2.6666666666666665,0.0,0.0,-2.6666666666666665,33.0,3.0,1.75,2.0,0,,
2020,70th Anniversary Grand Prix,5,GAS,AlphaTauri,7.0,11.0,0,7.0,1.38,1,14.0,9.666666666666666,0.0,0.0,-4.333333333333333,6.0,12.625,12.375,11.0,0,,
2020,70th Anniversary Grand Prix,5,GIO,Alfa Romeo Racing,19.0,17.0,0,19.0,,0,15.0,18.333333333333332,0.0,0.0,3.3333333333333335,0.0,13.875,18.25,14.0,0,,
2020,70th Anniversary Grand Prix,5,GRO,Haas F1 Team,13.0,16.0,0,14.0,,0,15.0,19.0,0.0,0.0,4.0,0.0,14.875,16.875,17.0,1,,
2020,70th Anniversary Grand Prix,5,HAM,Mercedes,2.0,2.0,0,2.0,0.063,1,1.0,1.0,0.0,0.0,0.0,75.0,3.0,1.75,1.0,0,,
2020,70th Anniversary Grand Prix,5,HUL,Racing Point,3.0,7.0,0,3.0,0.928,1,15.666666666666666,12.666666666666666,0.0,0.0,-2.0,0.0,9.625,8.875,21.0,0,,
2020,70th Anniversary Grand Prix,5,KVY,AlphaTauri,16.0,10.0,0,16.0,,0,13.333333333333334,15.0,0.0,0.0,1.6666666666666667,1.0,12.625,12.375,15.0,0,,
2020,70th Anniversary Grand Prix,5,LAT,Williams,18.0,19.0,0,18.0,,0,17.0,17.666666666666668,0.0,0.0,0.6666666666666666,0.0,15.375,16.125,18.0,0,,
2020,70th Anniversary Grand Prix,5,LEC,Ferrari,8.0,4.0,0,8.0,1.46,1,11.0,7.0,0.2,0.0,-4.0,15.0,10.125,8.0,5.0,0,,
2020,70th Anniversary Grand Prix,5,MAG,Haas F1 Team,17.0,20.0,0,17.0,,0,13.666666666666666,15.666666666666666,0.0,0.0,2.0,1.0,14.875,16.875,16.0,0,,
2020,70th Anniversary Grand Prix,5,NOR,McLaren,10.0,9.0,0,10.0,1.624,1,7.666666666666667,6.333333333333333,0.6,0.0,-1.3333333333333333,20.0,7.75,6.25,4.0,0,,
2020,70th Anniversary Grand Prix,5,OCO,Renault,14.0,8.0,0,11.0,,0,12.666666666666666,9.333333333333334,0.0,0.0,-3.3333333333333335,8.0,10.625,10.0,12.0,1,,
2020,70th Anniversary Grand Prix,5,RAI,Alfa Romeo Racing,20.0,15.0,0,20.0,,0,14.333333333333334,18.0,0.0,0.0,3.6666666666666665,0.0,13.875,18.25,19.0,0,,
2020,70th Anniversary Grand Prix,5,RIC,Renault,5.0,14.0,0,5.0,1.143,1,6.666666666666667,9.333333333333334,0.0,0.0,2.6666666666666665,20.0,10.625,10.0,8.0,0,,
2020,70th Anniversary Grand Prix,5,RUS,Williams,15.0,18.0,0,15.0,,0,15.333333333333334,13.0,0.2,0.0,-2.3333333333333335,0.0,15.375,16.125,20.0,0,,
2020,70th Anniversary Grand Prix,5,SAI,McLaren,12.0,13.0,0,13.0,,0,10.333333333333334,6.333333333333333,0.2,0.0,-4.0,4.0,7.75,6.25,10.0,1,,
2020,70th Anniversary Grand Prix,5,STR,Racing Point,6.0,6.0,0,6.0,1.274,1,6.666666666666667,7.333333333333333,0.0,0.0,0.6666666666666666,20.0,9.625,8.875,9.0,0,,
2020,70th Anniversary Grand Prix,5,VER,Red Bull Racing,4.0,1.0,1,4.0,1.022,1,2.3333333333333335,4.0,1.0,0.0,1.6666666666666667,51.0,7.125,6.5,3.0,0,,
2020,70th Anniversary Grand Prix,5,VET,Ferrari,11.0,12.0,0,12.0,,0,12.0,8.333333333333334,0.0,0.0,-3.6666666666666665,9.0,10.125,8.0,13.0,1,,
2020,Spanish Grand Prix,6,ALB,Red Bull Racing,6.0,8.0,0,6.0,1.445,1,6.0,11.333333333333334,0.0,0.0,5.333333333333333,24.0,6.3,6.5,6.0,0,11.0,4.25
2020,Spanish Grand Prix,6,BOT,Mercedes,2.0,3.0,0,2.0,0.059,1,5.666666666666667,1.6666666666666667,0.0,0.0,-4.0,30.0,2.9,1.7,3.0,0,2.0,1.5
2020,Spanish Grand Prix,6,GAS,AlphaTauri,10.0,9.0,0,10.0,1.552,1,12.666666666666666,9.333333333333334,0.0,0.0,-3.3333333333333335,6.0,12.2,12.2,12.0,0,12.5,
2020,Spanish Grand Prix,6,GIO,Alfa Romeo Racing,20.0,16.0,0,20.0,,0,16.0,18.333333333333332,0.0,0.0,2.3333333333333335,0.0,14.3,18.5,15.0,0,16.0,15.0
2020,Spanish Grand Prix,6,GRO,Haas F1 Team,17.0,19.0,0,17.0,,0,16.0,17.0,0.0,0.0,1.0,0.0,15.5,16.6,18.0,0,14.0,10.25
2020,Spanish Grand Prix,6,HAM,Mercedes,1.0,1.0,1,1.0,0.0,1,1.3333333333333333,1.3333333333333333,0.0,0.0,0.0,68.0,2.9,1.7,1.0,0,1.0,1.5
2020,Spanish Grand Prix,6,KVY,AlphaTauri,12.0,12.0,0,12.0,,0,13.333333333333334,15.666666666666666,0.0,0.0,2.3333333333333335,1.0,12.2,12.2,16.0,0,9.0,
2020,Spanish Grand Prix,6,LAT,Williams,19.0,18.0,0,19.0,,0,17.666666666666668,17.666666666666668,0.0,0.0,0.0,0.0,16.0,16.2,19.0,0,,15.0
2020,Spanish Grand Prix,6,LEC,Ferrari,9.0,20.0,0,9.0,1.503,1,6.0,6.0,0.2,0.0,0.0,27.0,9.7,8.4,4.0,0,7.5,7.5
2020,Spanish Grand Prix,6,MAG,Haas F1 Team,16.0,15.0,0,16.0,,0,16.333333333333332,16.333333333333332,0.0,0.0,0.0,1.0,15.5,16.6,17.0,0,6.5,10.25
2020,Spanish Grand Prix,6,NOR,McLaren,8.0,10.0,0,8.0,1.5,1,9.0,7.666666666666667,0.6,0.0,-1.3333333333333333,12.0,8.4,7.3,5.0,0,20.0,12.75
2020,Spanish Grand Prix,6,OCO,Renault,15.0,13.0,0,15.0,,0,9.333333333333334,11.333333333333334,0.0,0.0,2.0,12.0,10.7,9.6,10.0,0,16.0,13.0
2020,Spanish Grand Prix,6,PER,Racing Point,4.0,5.0,0,4.0,0.898,1,6.333333333333333,9.0,0.0,0.0,2.6666666666666665,22.0,9.0,8.0,8.0,0,12.0,17.0
2020,Spanish Grand Prix,6,RAI,Alfa Romeo Racing,14.0,14.0,0,14.0,,0,15.666666666666666,19.333333333333332,0.0,0.0,3.6666666666666665,0.0,14.3,18.5,20.0,0,15.5,15.0
2020,Spanish Grand Prix,6,RIC,Renault,13.0,11.0,0,13.0,,0,8.666666666666666,8.0,0.0,0.0,-0.6666666666666666,16.0,10.7,9.6,9.0,0,8.5,13.0
2020,Spanish Grand Prix,6,RUS,Williams,18.0,17.0,0,18.0,,0,16.0,14.0,0.2,0.0,-2.0,0.0,16.0,16.2,21.0,0,17.0,15.0
2020,Spanish Grand Prix,6,SAI,McLaren,7.0,6.0,0,7.0,1.46,1,11.666666666666666,9.666666666666666,0.2,0.0,-2.0,2.0,8.4,7.3,11.0,0,7.5,12.75
2020,Spanish Grand Prix,6,STR,Racing Point,5.0,4.0,0,5.0,1.005,1,6.333333333333333,5.0,0.0,0.0,-1.3333333333333333,22.0,9.0,8.0,7.0,0,15.0,17.0
2020,Spanish Grand Prix,6,VER,Red Bull Racing,3.0,2.0,0,3.0,0.708,1,1.6666666666666667,4.666666666666667,1.0,0.0,3.0,61.0,6.3,6.5,2.0,0,3.0,4.25
2020,Spanish Grand Prix,6,VET,Ferrari,11.0,7.0,0,11.0,,0,9.333333333333334,9.0,0.0,0.0,-0.3333333333333333,9.0,9.7,8.4,13.0,0,4.0,7.5
2020,Belgian Grand Prix,7,ALB,Red Bull Racing,5.0,6.0,0,5.0,1.012,1,7.0,9.0,0.0,0.0,2.0,18.0,6.083333333333333,6.166666666666667,5.0,0,5.0,11.0
2020,Belgian Grand Prix,7,BOT,Mercedes,2.0,2.0,0,2.0,0.511,1,5.666666666666667,1.6666666666666667,0.0,0.0,-4.0,30.0,2.75,1.6666666666666667,3.0,0,3.5,2.75
2020,Belgian Grand Prix,7,GAS,AlphaTauri,12.0,8.0,0,12.0,,0,9.0,9.333333333333334,0.0,0.0,0.3333333333333333,8.0,11.916666666666666,12.0,13.0,0,9.0,
2020,Belgian Grand Prix,7,GIO,Alfa Romeo Racing,18.0,18.0,0,18.0,,0,15.666666666666666,18.666666666666668,0.0,0.0,3.0,0.0,14.416666666666666,18.25,15.0,0,18.0,17.0
2020,Belgian Grand Prix,7,GRO,Haas F1 Team,17.0,15.0,0,17.0,,0,17.0,16.666666666666668,0.0,0.0,-0.3333333333333333,0.0,15.75,16.583333333333332,18.0,0,10.0,10.0
2020,Belgian Grand Prix,7,HAM,Mercedes,1.0,1.0,1,1.0,0.0,1,1.3333333333333333,1.3333333333333333,0.0,0.0,0.0,68.0,2.75,1.6666666666666667,1.0,0,2.0,2.75
2020,Belgian Grand Prix,7,KVY,AlphaTauri,11.0,11.0,0,11.0,,0,13.333333333333334,14.0,0.0,0.0,0.6666666666666666,1.0,11.916666666666666,12.0,16.0,0,7.0,
2020,Belgian Grand Prix,7,LAT,Williams,19.0,16.0,0,19.0,,0,17.333333333333332,19.0,0.0,0.0,1.6666666666666667,0.0,16.25,16.583333333333332,19.0,0,,14.25
2020,Belgian Grand Prix,7,LEC,Ferrari,13.0,14.0,0,13.0,,0,9.0,7.0,0.2,0.0,-2.0,27.0,10.333333333333334,8.666666666666666,4.0,0,9.5,5.75
2020,Belgian Grand Prix,7,MAG,Haas F1 Team,20.0,17.0,0,20.0,,0,18.0,16.333333333333332,0.0,0.0,-1.6666666666666667,0.0,15.75,16.583333333333332,17.0,0,10.0,10.0
2020,Belgian Grand Prix,7,NOR,McLaren,10.0,7.0,0,10.0,1.405,1,8.0,7.666666666666667,0.6,0.0,-0.3333333333333333,13.0,8.333333333333334,7.333333333333333,7.0,0,11.0,16.0
2020,Belgian Grand Prix,7,OCO,Renault,6.0,5.0,0,6.0,1.144,1,9.0,11.666666666666666,0.0,0.0,2.6666666666666665,12.0,10.916666666666666,10.333333333333334,11.0,0,6.0,13.25
2020,Belgian Grand Prix,7,PER,Racing Point,8.0,10.0,0,8.0,1.28,1,6.0,8.333333333333334,0.0,0.0,2.3333333333333335,24.0,8.25,7.416666666666667,8.0,0,5.5,6.75
2020,Belgian Grand Prix,7,RAI,Alfa Romeo Racing,16.0,12.0,0,16.0,,0,15.333333333333334,17.333333333333332,0.0,0.0,2.0,0.0,14.416666666666666,18.25,20.0,0,16.5,17.0
2020,Belgian Grand Prix,7,RIC,Renault,4.0,4.0,0,4.0,0.809,1,9.666666666666666,8.666666666666666,0.0,0.0,-1.0,12.0,10.916666666666666,10.333333333333334,10.0,0,15.0,13.25
2020,Belgian Grand Prix,7,RUS,Williams,15.0,19.0,0,15.0,,0,15.666666666666666,16.0,0.2,0.0,0.3333333333333333,0.0,16.25,16.583333333333332,21.0,0,15.0,14.25
2020,Belgian Grand Prix,7,SAI,McLaren,7.0,20.0,0,7.0,1.186,1,10.666666666666666,9.0,0.2,0.0,-1.6666666666666667,8.0,8.333333333333334,7.333333333333333,9.0,0,15.0,16.0
2020,Belgian Grand Prix,7,STR,Racing Point,9.0,9.0,0,9.0,1.351,1,6.333333333333333,5.666666666666667,0.0,0.0,-0.6666666666666666,22.0,8.25,7.416666666666667,6.0,0,11.5,6.75
2020,Belgian Grand Prix,7,VER,Red Bull Racing,3.0,3.0,0,3.0,0.526,1,1.6666666666666667,3.3333333333333335,1.0,0.0,1.6666666666666667,61.0,6.083333333333333,6.166666666666667,2.0,0,11.5,11.0
2020,Belgian Grand Prix,7,VET,Ferrari,14.0,13.0,0,14.0,,0,9.666666666666666,11.0,0.0,0.0,1.3333333333333333,7.0,10.333333333333334,8.666666666666666,12.0,0,2.5,5.75
2020,Italian Grand Prix,8,ALB,Red Bull Racing,9.0,15.0,0,9.0,1.203,1,6.333333333333333,6.666666666666667,0.0,0.0,0.3333333333333333,22.0,5.857142857142857,5.857142857142857,4.0,0,6.0,9.0
2020,Italian Grand Prix,8,BOT,Mercedes,2.0,5.0,0,2.0,0.069,1,2.6666666666666665,1.6666666666666667,0.0,0.0,-1.0,48.0,2.5714285714285716,1.6428571428571428,3.0,0,2.5,2.25
2020,Italian Grand Prix,8,GAS,AlphaTauri,10.0,1.0,1,10.0,1.29,1,9.333333333333334,9.666666666666666,0.0,0.0,0.3333333333333333,6.0,11.571428571428571,11.928571428571429,12.0,0,12.5,
2020,Italian Grand Prix,8,GIO,Alfa Romeo Racing,18.0,16.0,0,18.0,,0,17.0,19.0,0.0,0.0,2.0,0.0,14.5,18.071428571428573,15.0,0,9.0,12.0
2020,Italian Grand Prix,8,GRO,Haas F1 Team,16.0,12.0,0,16.0,,0,16.666666666666668,16.0,0.0,0.0,-0.6666666666666666,0.0,15.785714285714286,16.857142857142858,18.0,0,18.0,17.5
2020,Italian Grand Prix,8,HAM,Mercedes,1.0,7.0,0,1.0,0.0,1,1.3333333333333333,1.3333333333333333,0.0,0.0,0.0,68.0,2.5714285714285716,1.6428571428571428,1.0,0,2.0,2.25
2020,Italian Grand Prix,8,KVY,AlphaTauri,11.0,9.0,0,11.0,,0,11.0,13.0,0.0,0.0,2.0,1.0,11.571428571428571,11.928571428571429,16.0,0,19.0,
2020,Italian Grand Prix,8,LAT,Williams,20.0,11.0,0,20.0,,0,17.666666666666668,18.666666666666668,0.0,0.0,1.0,0.0,16.428571428571427,16.642857142857142,19.0,0,,12.5
2020,Italian Grand Prix,8,LEC,Ferrari,13.0,18.0,0,13.0,,0,12.666666666666666,10.0,0.2,0.0,-2.6666666666666665,12.0,10.785714285714286,9.357142857142858,5.0,0,6.0,5.0
2020,Italian Grand Prix,8,MAG,Haas F1 Team,15.0,19.0,0,15.0,,0,17.333333333333332,17.666666666666668,0.0,0.0,0.3333333333333333,0.0,15.785714285714286,16.857142857142858,17.0,0,17.0,17.5
2020,Italian Grand Prix,8,NOR,McLaren,6.0,4.0,0,6.0,0.933,1,8.666666666666666,9.333333333333334,0.6,0.0,0.6666666666666666,9.0,9.071428571428571,7.5,6.0,0,10.0,15.0
2020,Italian Grand Prix,8,OCO,Renault,12.0,8.0,0,12.0,,0,8.666666666666666,10.666666666666666,0.0,0.0,2.0,14.0,10.0,9.571428571428571,10.0,0,6.0,7.5
2020,Italian Grand Prix,8,PER,Racing Point,4.0,10.0,0,4.0,0.833,1,7.333333333333333,5.333333333333333,0.0,0.0,-2.0,17.0,8.428571428571429,7.571428571428571,8.0,0,7.0,8.0
2020,Italian Grand Prix,8,RAI,Alfa Romeo Racing,14.0,13.0,0,14.0,,0,13.666666666666666,16.666666666666668,0.0,0.0,3.0,0.0,14.5,18.071428571428573,20.0,0,8.5,12.0
2020,Italian Grand Prix,8,RIC,Renault,7.0,6.0,0,7.0,0.977,1,9.666666666666666,7.333333333333333,0.0,0.0,-2.3333333333333335,12.0,10.0,9.571428571428571,9.0,0,10.5,7.5
2020,Italian Grand Prix,8,RUS,Williams,19.0,14.0,0,19.0,,0,18.0,16.0,0.2,0.0,-2.0,0.0,16.428571428571427,16.642857142857142,21.0,0,14.0,12.5
2020,Italian Grand Prix,8,SAI,McLaren,3.0,2.0,0,3.0,0.808,1,13.0,9.0,0.2,0.0,-4.0,8.0,9.071428571428571,7.5,11.0,0,14.0,15.0
2020,Italian Grand Prix,8,STR,Racing Point,8.0,3.0,0,8.0,1.162,1,6.333333333333333,6.666666666666667,0.0,0.0,0.3333333333333333,22.0,8.428571428571429,7.571428571428571,7.0,0,10.5,8.0
2020,Italian Grand Prix,8,VER,Red Bull Racing,5.0,17.0,0,5.0,0.908,1,2.0,3.3333333333333335,1.0,0.0,1.3333333333333333,58.0,5.857142857142857,5.857142857142857,2.0,0,6.5,9.0
2020,Italian Grand Prix,8,VET,Ferrari,17.0,20.0,0,17.0,,0,10.666666666666666,12.333333333333334,0.0,0.0,1.6666666666666667,6.0,10.785714285714286,9.357142857142858,13.0,0,8.5,5.0
2020,Tuscan Grand Prix,9,ALB,Red Bull Racing,4.0,3.0,0,4.0,0.81,1,9.666666666666666,6.666666666666667,0.0,0.0,-3.0,12.0,7.125,6.0,6.0,0,,
2020,Tuscan Grand Prix,9,BOT,Mercedes,2.0,2.0,0,2.0,0.059,1,3.3333333333333335,2.0,0.0,0.0,-1.3333333333333333,43.0,3.0,1.625,2.0,0,,
2020,Tuscan Grand Prix,9,GAS,AlphaTauri,16.0,20.0,0,16.0,,0,6.0,10.666666666666666,0.0,0.0,4.666666666666667,31.0,10.75,11.75,8.0,0,,
2020,Tuscan Grand Prix,9,GIO,Alfa Romeo Racing,17.0,17.0,0,17.0,,0,16.666666666666668,18.666666666666668,0.0,0.0,2.0,0.0,14.5,17.8125,16.0,0,,
2020,Tuscan Grand Prix,9,GRO,Haas F1 Team,15.0,12.0,0,15.0,,0,15.333333333333334,16.666666666666668,0.0,0.0,1.3333333333333333,0.0,15.75,16.6875,18.0,0,,
2020,Tuscan Grand Prix,9,HAM,Mercedes,1.0,1.0,1,1.0,0.0,1,3.0,1.0,0.0,0.0,-2.0,56.0,3.0,1.625,1.0,0,,
2020,Tuscan Grand Prix,9,KVY,AlphaTauri,12.0,7.0,0,12.0,,0,10.666666666666666,11.333333333333334,0.0,0.0,0.6666666666666666,2.0,10.75,11.75,15.0,0,,
2020,Tuscan Grand Prix,9,LAT,Williams,19.0,15.0,0,19.0,,0,15.0,19.333333333333332,0.0,0.0,4.333333333333333,0.0,15.9375,17.0,19.0,0,,
2020,Tuscan Grand Prix,9,LEC,Ferrari,5.0,8.0,0,5.0,1.126,1,17.333333333333332,11.666666666666666,0.2,0.0,-5.666666666666667,0.0,11.8125,10.0625,7.0,0,,
2020,Tuscan Grand Prix,9,MAG,Haas F1 Team,20.0,16.0,0,20.0,,0,17.0,17.0,0.0,0.0,0.0,0.0,15.75,16.6875,17.0,0,,
2020,Tuscan Grand Prix,9,NOR,McLaren,11.0,6.0,0,11.0,,0,7.0,8.0,0.6,0.0,1.0,19.0,8.3125,7.125,5.0,0,,
2020,Tuscan Grand Prix,9,OCO,Renault,10.0,14.0,0,10.0,,0,8.666666666666666,11.0,0.0,0.0,2.3333333333333335,14.0,9.625,9.5625,12.0,0,,
2020,Tuscan Grand Prix,9,PER,Racing Point,7.0,5.0,0,6.0,1.167,1,8.333333333333334,5.333333333333333,0.0,0.0,-3.0,12.0,8.1875,7.375,11.0,1,,
2020,Tuscan Grand Prix,9,RAI,Alfa Romeo Racing,13.0,9.0,0,13.0,,0,13.0,14.666666666666666,0.0,0.0,1.6666666666666667,0.0,14.5,17.8125,20.0,0,,
2020,Tuscan Grand Prix,9,RIC,Renault,8.0,4.0,0,8.0,1.399,1,7.0,8.0,0.0,0.0,1.0,20.0,9.625,9.5625,9.0,0,,
2020,Tuscan Grand Prix,9,RUS,Williams,18.0,11.0,0,18.0,,0,16.666666666666668,17.333333333333332,0.2,0.0,0.6666666666666666,0.0,15.9375,17.0,21.0,0,,
2020,Tuscan Grand Prix,9,SAI,McLaren,9.0,18.0,0,9.0,2.726,1,9.333333333333334,5.666666666666667,0.2,0.0,-3.6666666666666665,26.0,8.3125,7.125,10.0,0,,
2020,Tuscan Grand Prix,9,STR,Racing Point,6.0,13.0,0,7.0,1.212,1,5.333333333333333,7.333333333333333,0.0,0.0,2.0,29.0,8.1875,7.375,4.0,1,,
2020,Tuscan Grand Prix,9,VER,Red Bull Racing,3.0,19.0,0,3.0,0.365,1,7.333333333333333,3.6666666666666665,1.0,0.0,-3.6666666666666665,33.0,7.125,6.0,3.0,0,,
2020,Tuscan Grand Prix,9,VET,Ferrari,14.0,10.0,0,14.0,,0,13.333333333333334,14.0,0.0,0.0,0.6666666666666666,6.0,11.8125,10.0625,13.0,0,,
2020,Russian Grand Prix,10,ALB,Red Bull Racing,15.0,10.0,0,10.0,1.704,1,8.0,6.0,0.0,0.0,-2.0,23.0,7.555555555555555,5.722222222222222,5.0,1,5.0,5.0
2020,Russian Grand Prix,10,BOT,Mercedes,3.0,1.0,1,3.0,0.652,1,3.0,2.0,0.0,0.0,-1.0,46.0,2.8333333333333335,1.6111111111111112,2.0,0,2.0,1.5
2020,Russian Grand Prix,10,GAS,AlphaTauri,9.0,9.0,0,9.0,1.696,1,9.666666666666666,12.666666666666666,0.0,0.0,3.0,29.0,11.055555555555555,12.0,10.0,0,16.5,
2020,Russian Grand Prix,10,GIO,Alfa Romeo Racing,17.0,11.0,0,17.0,,0,17.0,17.666666666666668,0.0,0.0,0.6666666666666666,0.0,14.333333333333334,17.5,16.0,0,15.0,14.0
2020,Russian Grand Prix,10,GRO,Haas F1 Team,16.0,17.0,0,16.0,,0,13.0,16.0,0.0,0.0,3.0,0.0,15.555555555555555,16.77777777777778,19.0,0,15.5,12.0
2020,Russian Grand Prix,10,HAM,Mercedes,1.0,3.0,0,1.0,0.0,1,3.0,1.0,0.0,0.0,-2.0,56.0,2.8333333333333335,1.6111111111111112,1.0,0,1.0,1.5
2020,Russian Grand Prix,10,KVY,AlphaTauri,11.0,8.0,0,12.0,,0,9.0,11.333333333333334,0.0,0.0,2.3333333333333335,8.0,11.055555555555555,12.0,14.0,1,12.0,
2020,Russian Grand Prix,10,LAT,Williams,20.0,16.0,0,19.0,,0,14.0,19.333333333333332,0.0,0.0,5.333333333333333,0.0,15.61111111111111,17.166666666666668,20.0,1,,16.5
2020,Russian Grand Prix,10,LEC,Ferrari,10.0,6.0,0,11.0,,0,13.333333333333334,10.333333333333334,0.2,0.0,-3.0,4.0,11.5,10.0,8.0,1,5.0,7.0
2020,Russian Grand Prix,10,MAG,Haas F1 Team,18.0,12.0,0,18.0,,0,17.333333333333332,18.333333333333332,0.0,0.0,1.0,0.0,15.555555555555555,16.77777777777778,18.0,0,8.5,12.0
2020,Russian Grand Prix,10,NOR,McLaren,8.0,15.0,0,8.0,1.543,1,5.666666666666667,9.0,0.6,0.0,3.3333333333333335,26.0,8.722222222222221,7.444444444444445,4.0,0,8.0,11.0
2020,Russian Grand Prix,10,OCO,Renault,7.0,7.0,0,7.0,1.32,1,9.0,9.333333333333334,0.0,0.0,0.3333333333333333,14.0,9.555555555555555,9.5,12.0,0,9.0,14.5
2020,Russian Grand Prix,10,PER,Racing Point,4.0,4.0,0,4.0,1.013,1,8.333333333333334,6.0,0.0,0.0,-2.3333333333333335,12.0,8.277777777777779,7.277777777777778,9.0,0,8.5,9.25
2020,Russian Grand Prix,10,RAI,Alfa Romeo Racing,19.0,14.0,0,20.0,,0,11.333333333333334,14.333333333333334,0.0,0.0,3.0,2.0,14.333333333333334,17.5,17.0,1,8.5,14.0
2020,Russian Grand Prix,10,RIC,Renault,5.0,5.0,0,5.0,1.06,1,4.666666666666667,6.333333333333333,0.0,0.0,1.6666666666666667,32.0,9.555555555555555,9.5,7.0,0,12.5,14.5
2020,Russian Grand Prix,10,RUS,Williams,13.0,18.0,0,14.0,,0,14.666666666666666,17.333333333333332,0.2,0.0,2.6666666666666665,0.0,15.61111111111111,17.166666666666668,21.0,1,17.0,16.5
2020,Russian Grand Prix,10,SAI,McLaren,6.0,19.0,0,6.0,1.246,1,13.333333333333334,6.333333333333333,0.2,0.0,-7.0,18.0,8.722222222222221,7.444444444444445,11.0,0,11.5,11.0
2020,Russian Grand Prix,10,STR,Racing Point,12.0,20.0,0,13.0,,0,8.333333333333334,8.0,0.0,0.0,-0.3333333333333333,17.0,8.277777777777779,7.277777777777778,6.0,1,13.0,9.25
2020,Russian Grand Prix,10,VER,Red Bull Racing,2.0,2.0,0,2.0,0.563,1,13.0,3.6666666666666665,1.0,0.0,-9.333333333333334,15.0,7.555555555555555,5.722222222222222,3.0,0,4.5,5.0
2020,Russian Grand Prix,10,VET,Ferrari,14.0,13.0,0,15.0,,0,14.333333333333334,15.0,0.0,0.0,0.6666666666666666,1.0,11.5,10.0,13.0,1,10.5,7.0
2020,Eifel Grand Prix,11,ALB,Red Bull Racing,5.0,17.0,0,5.0,0.778,1,9.333333333333334,7.666666666666667,0.0,0.0,-1.6666666666666667,16.0,7.4,5.75,4.0,0,,
2020,Eifel Grand Prix,11,BOT,Mercedes,1.0,19.0,0,1.0,0.0,1,2.6666666666666665,2.3333333333333335,0.0,0.0,-0.3333333333333333,53.0,2.75,1.65,2.0,0,,
2020,Eifel Grand Prix,11,GAS,AlphaTauri,12.0,6.0,0,12.0,,0,10.0,11.666666666666666,0.0,0.0,1.6666666666666667,27.0,10.8,11.85,10.0,0,,
2020,Eifel Grand Prix,11,GIO,Alfa Romeo Racing,14.0,10.0,0,14.0,,0,14.666666666666666,17.333333333333332,0.0,0.0,2.6666666666666665,0.0,14.15,17.6,16.0,0,,
2020,Eifel Grand Prix,11,GRO,Haas F1 Team,16.0,9.0,0,16.0,,0,13.666666666666666,15.666666666666666,0.0,0.0,2.0,0.0,15.45,16.8,19.0,0,,
2020,Eifel Grand Prix,11,HAM,Mercedes,2.0,1.0,1,2.0,0.256,1,3.6666666666666665,1.0,0.0,0.0,-2.6666666666666665,46.0,2.75,1.65,1.0,0,,
2020,Eifel Grand Prix,11,HUL,Racing Point,20.0,8.0,0,20.0,,0,13.0,10.0,0.0,0.0,-4.0,6.0,8.65,7.4,15.0,0,,
2020,Eifel Grand Prix,11,KVY,AlphaTauri,13.0,15.0,0,13.0,,0,8.0,11.666666666666666,0.0,0.0,3.6666666666666665,12.0,10.8,11.85,14.0,0,,
2020,Eifel Grand Prix,11,LAT,Williams,18.0,14.0,0,18.0,,0,14.0,19.333333333333332,0.0,0.0,5.333333333333333,0.0,15.75,17.1,20.0,0,,
2020,Eifel Grand Prix,11,LEC,Ferrari,4.0,7.0,0,4.0,0.766,1,10.666666666666666,9.666666666666666,0.2,0.0,-1.0,12.0,11.3,10.3,7.0,0,,
2020,Eifel Grand Prix,11,MAG,Haas F1 Team,15.0,13.0,0,15.0,,0,15.666666666666666,17.666666666666668,0.0,0.0,2.0,0.0,15.45,16.8,18.0,0,,
2020,Eifel Grand Prix,11,NOR,McLaren,8.0,16.0,0,8.0,1.189,1,8.333333333333334,8.333333333333334,0.6,0.0,0.0,20.0,9.55,7.4,5.0,0,,
2020,Eifel Grand Prix,11,OCO,Renault,7.0,18.0,0,7.0,0.973,1,9.666666666666666,9.666666666666666,0.0,0.0,0.0,10.0,9.2,9.15,12.0,0,,
2020,Eifel Grand Prix,11,PER,Racing Point,9.0,4.0,0,9.0,1.435,1,6.333333333333333,4.666666666666667,0.0,0.0,-1.6666666666666667,23.0,8.65,7.4,9.0,0,,
2020,Eifel Grand Prix,11,RAI,Alfa Romeo Racing,19.0,12.0,0,19.0,,0,12.0,15.666666666666666,0.0,0.0,3.6666666666666665,2.0,14.15,17.6,17.0,0,,
2020,Eifel Grand Prix,11,RIC,Renault,6.0,3.0,0,6.0,0.954,1,5.0,6.666666666666667,0.0,0.0,1.6666666666666667,30.0,9.2,9.15,6.0,0,,
2020,Eifel Grand Prix,11,RUS,Williams,17.0,20.0,0,17.0,,0,14.333333333333334,17.0,0.2,0.0,2.6666666666666665,0.0,15.75,17.1,21.0,0,,
2020,Eifel Grand Prix,11,SAI,McLaren,10.0,5.0,0,10.0,1.44,1,13.0,6.0,0.2,0.0,-7.0,18.0,9.55,7.4,11.0,0,,
2020,Eifel Grand Prix,11,VER,Red Bull Racing,3.0,2.0,0,3.0,0.293,1,12.666666666666666,3.3333333333333335,1.0,0.0,-9.333333333333334,18.0,7.4,5.75,3.0,0,,
2020,Eifel Grand Prix,11,VET,Ferrari,11.0,11.0,0,11.0,,0,14.333333333333334,15.333333333333334,0.0,0.0,1.0,1.0,11.3,10.3,13.0,0,,
2020,Portuguese Grand Prix,12,ALB,Red Bull Racing,6.0,12.0,0,6.0,0.785,1,10.0,6.333333333333333,0.0,0.0,-3.6666666666666665,16.0,7.590909090909091,5.590909090909091,6.0,0,,
2020,Portuguese Grand Prix,12,BOT,Mercedes,2.0,2.0,0,2.0,0.102,1,7.333333333333333,2.0,0.0,0.0,-5.333333333333333,43.0,3.409090909090909,1.6363636363636365,2.0,0,,
2020,Portuguese Grand Prix,12,GAS,AlphaTauri,9.0,5.0,0,9.0,1.151,1,11.666666666666666,12.333333333333334,0.0,0.0,0.6666666666666666,10.0,10.772727272727273,11.909090909090908,10.0,0,,
2020,Portuguese Grand Prix,12,GIO,Alfa Romeo Racing,17.0,15.0,0,17.0,,0,12.666666666666666,16.0,0.0,0.0,3.3333333333333335,1.0,13.863636363636363,17.5,16.0,0,,
2020,Portuguese Grand Prix,12,GRO,Haas F1 Team,18.0,17.0,0,18.0,,0,12.666666666666666,15.666666666666666,0.0,0.0,3.0,2.0,15.045454545454545,16.681818181818183,17.0,0,,
2020,Portuguese Grand Prix,12,HAM,Mercedes,1.0,1.0,1,1.0,0.0,1,1.6666666666666667,1.3333333333333333,0.0,0.0,-0.3333333333333333,65.0,3.409090909090909,1.6363636363636365,1.0,0,,
2020,Portuguese Grand Prix,12,KVY,AlphaTauri,13.0,19.0,0,13.0,,0,10.0,12.333333333333334,0.0,0.0,2.3333333333333335,10.0,10.772727272727273,11.909090909090908,14.0,0,,
2020,Portuguese Grand Prix,12,LAT,Williams,20.0,18.0,0,20.0,,0,15.0,18.666666666666668,0.0,0.0,3.6666666666666665,0.0,15.863636363636363,17.136363636363637,20.0,0,,
2020,Portuguese Grand Prix,12,LEC,Ferrari,4.0,4.0,0,4.0,0.438,1,7.0,6.666666666666667,0.2,0.0,-0.3333333333333333,18.0,11.090909090909092,10.045454545454545,8.0,0,,
2020,Portuguese Grand Prix,12,MAG,Haas F1 Team,19.0,16.0,0,19.0,,0,13.666666666666666,17.666666666666668,0.0,0.0,4.0,0.0,15.045454545454545,16.681818181818183,19.0,0,,
2020,Portuguese Grand Prix,12,NOR,McLaren,8.0,13.0,0,8.0,0.873,1,12.333333333333334,9.0,0.6,0.0,-3.3333333333333335,8.0,9.636363636363637,7.545454545454546,7.0,0,,
2020,Portuguese Grand Prix,12,OCO,Renault,11.0,8.0,0,11.0,,0,13.0,8.0,0.0,0.0,-5.0,6.0,9.318181818181818,8.909090909090908,12.0,0,,
2020,Portuguese Grand Prix,12,PER,Racing Point,5.0,7.0,0,5.0,0.571,1,4.333333333333333,6.333333333333333,0.0,0.0,2.0,34.0,8.409090909090908,8.045454545454545,5.0,0,,
2020,Portuguese Grand Prix,12,RAI,Alfa Romeo Racing,16.0,11.0,0,16.0,,0,11.666666666666666,17.333333333333332,0.0,0.0,5.666666666666667,2.0,13.863636363636363,17.5,18.0,0,,
2020,Portuguese Grand Prix,12,RIC,Renault,10.0,9.0,0,10.0,,0,4.0,6.333333333333333,0.0,0.0,2.3333333333333335,37.0,9.318181818181818,8.909090909090908,4.0,0,,
2020,Portuguese Grand Prix,12,RUS,Williams,14.0,14.0,0,14.0,,0,16.333333333333332,16.333333333333332,0.2,0.0,0.0,0.0,15.863636363636363,17.136363636363637,21.0,0,,
2020,Portuguese Grand Prix,12,SAI,McLaren,7.0,6.0,0,7.0,0.868,1,14.0,8.333333333333334,0.2,0.0,-5.666666666666667,10.0,9.636363636363637,7.545454545454546,11.0,0,,
2020,Portuguese Grand Prix,12,STR,Racing Point,12.0,20.0,0,12.0,,0,12.0,9.333333333333334,0.0,0.0,-2.6666666666666665,15.0,8.409090909090908,8.045454545454545,9.0,0,,
2020,Portuguese Grand Prix,12,VER,Red Bull Racing,3.0,3.0,0,3.0,0.252,1,7.666666666666667,2.6666666666666665,1.0,0.0,-5.0,36.0,7.590909090909091,5.590909090909091,3.0,0,,
2020,Portuguese Grand Prix,12,VET,Ferrari,15.0,10.0,0,15.0,,0,11.333333333333334,13.333333333333334,0.0,0.0,2.0,1.0,11.090909090909092,10.045454545454545,13.0,0,,
2020,Emilia Romagna Grand Prix,13,ALB,Red Bull Racing,6.0,15.0,0,6.0,0.963,1,13.0,7.0,0.0,0.0,-6.0,1.0,7.583333333333333,5.5,7.0,0,,
2020,Emilia Romagna Grand Prix,13,BOT,Mercedes,1.0,2.0,0,1.0,0.0,1,7.333333333333333,2.0,0.0,0.0,-5.333333333333333,43.0,3.25,1.625,2.0,0,,
2020,Emilia Romagna Grand Prix,13,GAS,AlphaTauri,4.0,20.0,0,4.0,0.893,1,6.666666666666667,10.0,0.0,0.0,3.3333333333333335,20.0,10.875,11.833333333333334,9.0,0,,
2020,Emilia Romagna Grand Prix,13,GIO,Alfa Romeo Racing,20.0,10.0,0,20.0,,0,12.0,16.0,0.0,0.0,4.0,1.0,13.791666666666666,17.416666666666668,16.0,0,,
2020,Emilia Romagna Grand Prix,13,GRO,Haas F1 Team,16.0,14.0,0,16.0,,0,14.333333333333334,16.666666666666668,0.0,0.0,2.3333333333333335,2.0,15.166666666666666,16.833333333333332,17.0,0,,
2020,Emilia Romagna Grand Prix,13,HAM,Mercedes,2.0,1.0,1,2.0,0.097,1,1.6666666666666667,1.3333333333333333,0.0,0.0,-0.3333333333333333,65.0,3.25,1.625,1.0,0,,
2020,Emilia Romagna Grand Prix,13,KVY,AlphaTauri,8.0,4.0,0,8.0,1.087,1,14.0,12.666666666666666,0.0,0.0,-1.3333333333333333,4.0,10.875,11.833333333333334,14.0,0,,
2020,Emilia Romagna Grand Prix,13,LAT,Williams,19.0,11.0,0,19.0,,0,16.0,19.0,0.0,0.0,3.0,0.0,15.875,17.125,20.0,0,,
2020,Emilia Romagna Grand Prix,13,LEC,Ferrari,7.0,5.0,0,7.0,1.007,1,5.666666666666667,6.333333333333333,0.2,0.0,0.6666666666666666,26.0,10.75,10.0,5.0,0,,
2020,Emilia Romagna Grand Prix,13,MAG,Haas F1 Team,17.0,18.0,0,17.0,,0,13.666666666666666,17.333333333333332,0.0,0.0,3.6666666666666665,0.0,15.166666666666666,16.833333333333332,19.0,0,,
2020,Emilia Romagna Grand Prix,13,NOR,McLaren,9.0,8.0,0,9.0,1.205,1,14.666666666666666,8.0,0.6,0.0,-6.666666666666667,0.0,9.625,7.541666666666667,8.0,0,,
2020,Emilia Romagna Grand Prix,13,OCO,Renault,12.0,19.0,0,12.0,,0,11.0,8.333333333333334,0.0,0.0,-2.6666666666666665,10.0,9.25,9.041666666666666,12.0,0,,
2020,Emilia Romagna Grand Prix,13,PER,Racing Point,11.0,6.0,0,11.0,,0,5.0,6.0,0.0,0.0,1.0,30.0,8.833333333333334,8.083333333333334,6.0,0,,
2020,Emilia Romagna Grand Prix,13,RAI,Alfa Romeo Racing,18.0,9.0,0,18.0,,0,12.333333333333334,18.333333333333332,0.0,0.0,6.0,0.0,13.791666666666666,17.416666666666668,18.0,0,,
2020,Emilia Romagna Grand Prix,13,RIC,Renault,5.0,3.0,0,5.0,0.911,1,5.666666666666667,7.0,0.0,0.0,1.3333333333333333,27.0,9.25,9.041666666666666,4.0,0,,
2020,Emilia Romagna Grand Prix,13,RUS,Williams,13.0,16.0,0,13.0,,0,17.333333333333332,15.0,0.2,0.0,-2.3333333333333335,0.0,15.875,17.125,21.0,0,,
2020,Emilia Romagna Grand Prix,13,SAI,McLaren,10.0,7.0,0,10.0,1.302,1,10.0,7.666666666666667,0.2,0.0,-2.3333333333333335,18.0,9.625,7.541666666666667,10.0,0,,
2020,Emilia Romagna Grand Prix,13,STR,Racing Point,15.0,13.0,0,15.0,,0,17.666666666666668,10.666666666666666,0.0,0.0,-7.0,0.0,8.833333333333334,8.083333333333334,11.0,0,,
2020,Emilia Romagna Grand Prix,13,VER,Red Bull Racing,3.0,17.0,0,3.0,0.567,1,2.3333333333333335,2.6666666666666665,1.0,0.0,0.3333333333333333,51.0,7.583333333333333,5.5,3.0,0,,
2020,Emilia Romagna Grand Prix,13,VET,Ferrari,14.0,12.0,0,14.0,,0,11.333333333333334,13.666666666666666,0.0,0.0,2.3333333333333335,1.0,10.75,10.0,13.0,0,,
2020,Turkish Grand Prix,14,ALB,Red Bull Racing,4.0,7.0,0,4.0,2.683,1,14.666666666666666,5.666666666666667,0.0,0.0,-9.0,0.0,8.23076923076923,5.423076923076923,8.0,0,,
2020,Turkish Grand Prix,14,BOT,Mercedes,9.0,14.0,0,9.0,5.493,1,7.666666666666667,1.3333333333333333,0.0,0.0,-6.333333333333333,36.0,3.1153846153846154,1.6153846153846154,2.0,0,,
2020,Turkish Grand Prix,14,GAS,AlphaTauri,19.0,13.0,0,15.0,,0,10.333333333333334,8.333333333333334,0.0,0.0,-2.0,18.0,10.961538461538462,11.384615384615385,10.0,1,,
2020,Turkish Grand Prix,14,GIO,Alfa Romeo Racing,10.0,20.0,0,10.0,9.461,1,11.666666666666666,17.0,0.0,0.0,5.333333333333333,2.0,13.461538461538462,17.53846153846154,16.0,0,,
2020,Turkish Grand Prix,14,GRO,Haas F1 Team,17.0,18.0,0,19.0,,0,13.333333333333334,16.666666666666668,0.0,0.0,3.3333333333333335,2.0,15.23076923076923,16.807692307692307,18.0,1,,
2020,Turkish Grand Prix,14,HAM,Mercedes,6.0,1.0,1,6.0,4.795,1,1.0,1.6666666666666667,0.0,0.0,0.6666666666666666,75.0,3.1153846153846154,1.6153846153846154,1.0,0,,
2020,Turkish Grand Prix,14,KVY,AlphaTauri,16.0,12.0,0,17.0,,0,12.666666666666666,11.333333333333334,0.0,0.0,-1.3333333333333333,12.0,10.961538461538462,11.384615384615385,13.0,1,,
2020,Turkish Grand Prix,14,LAT,Williams,0.0,19.0,0,20.0,,0,14.333333333333334,19.0,0.0,0.0,4.666666666666667,0.0,15.692307692307692,17.03846153846154,20.0,1,,
2020,Turkish Grand Prix,14,LEC,Ferrari,12.0,4.0,0,14.0,,0,5.333333333333333,5.0,0.2,0.0,-0.3333333333333333,28.0,10.576923076923077,10.038461538461538,5.0,1,,
2020,Turkish Grand Prix,14,MAG,Haas F1 Team,13.0,17.0,0,16.0,,0,15.666666666666666,17.0,0.0,0.0,1.3333333333333333,0.0,15.23076923076923,16.807692307692307,19.0,1,,
2020,Turkish Grand Prix,14,NOR,McLaren,14.0,8.0,0,11.0,,0,12.333333333333334,8.333333333333334,0.6,0.0,-4.0,4.0,9.461538461538462,7.6923076923076925,7.0,1,,
2020,Turkish Grand Prix,14,OCO,Renault,7.0,11.0,0,7.0,4.857,1,15.0,10.0,0.0,0.0,-5.0,4.0,9.384615384615385,9.0,12.0,0,,
2020,Turkish Grand Prix,14,PER,Racing Point,3.0,2.0,0,3.0,1.556,1,5.666666666666667,8.333333333333334,0.0,0.0,2.6666666666666665,26.0,8.884615384615385,8.461538461538462,6.0,0,,
2020,Turkish Grand Prix,14,RAI,Alfa Romeo Racing,8.0,15.0,0,8.0,4.98,1,10.666666666666666,17.666666666666668,0.0,0.0,7.0,2.0,13.461538461538462,17.53846153846154,17.0,0,,
2020,Turkish Grand Prix,14,RIC,Renault,5.0,10.0,0,5.0,3.83,1,5.0,7.0,0.0,0.0,2.0,32.0,9.384615384615385,9.0,4.0,0,,
2020,Turkish Grand Prix,14,RUS,Williams,0.0,16.0,0,18.0,,0,16.666666666666668,14.666666666666666,0.2,0.0,-2.0,0.0,15.692307692307692,17.03846153846154,21.0,1,,
2020,Turkish Grand Prix,14,SAI,McLaren,15.0,5.0,0,13.0,,0,6.0,9.0,0.2,0.0,3.0,24.0,9.461538461538462,7.6923076923076925,9.0,1,,
2020,Turkish Grand Prix,14,STR,Racing Point,1.0,9.0,0,1.0,0.0,1,17.666666666666668,13.333333333333334,0.0,0.0,-4.333333333333333,0.0,8.884615384615385,8.461538461538462,11.0,0,,
2020,Turkish Grand Prix,14,VER,Red Bull Racing,2.0,6.0,0,2.0,0.29,1,7.333333333333333,3.0,1.0,0.0,-4.333333333333333,33.0,8.23076923076923,5.423076923076923,3.0,0,,
2020,Turkish Grand Prix,14,VET,Ferrari,11.0,3.0,0,12.0,,0,11.0,13.333333333333334,0.0,0.0,2.3333333333333335,1.0,10.576923076923077,10.038461538461538,14.0,1,,
2020,Bahrain Grand Prix,15,ALB,Red Bull Racing,4.0,3.0,0,4.0,1.01,1,11.333333333333334,5.333333333333333,0.0,0.0,-6.0,6.0,8.107142857142858,5.25,9.0,0,9.0,12.75
2020,Bahrain Grand Prix,15,BOT,Mercedes,2.0,8.0,0,2.0,0.289,1,6.0,4.0,0.0,0.0,-2.0,36.0,3.4285714285714284,2.0357142857142856,2.0,0,2.0,2.0
2020,Bahrain Grand Prix,15,GAS,AlphaTauri,8.0,6.0,0,8.0,1.184,1,12.666666666666666,9.333333333333334,0.0,0.0,-3.3333333333333335,10.0,11.071428571428571,11.714285714285714,10.0,0,6.0,
2020,Bahrain Grand Prix,15,GIO,Alfa Romeo Racing,16.0,16.0,0,16.0,,0,15.0,15.666666666666666,0.0,0.0,0.6666666666666666,1.0,13.75,16.928571428571427,16.0,0,11.0,9.0
2020,Bahrain Grand Prix,15,GRO,Haas F1 Team,19.0,20.0,0,19.0,,0,16.333333333333332,17.666666666666668,0.0,0.0,1.3333333333333333,0.0,15.392857142857142,16.857142857142858,18.0,0,16.5,12.75
2020,Bahrain Grand Prix,15,HAM,Mercedes,1.0,1.0,1,1.0,0.0,1,1.0,3.0,0.0,0.0,2.0,75.0,3.4285714285714284,2.0357142857142856,1.0,0,2.0,2.0
2020,Bahrain Grand Prix,15,KVY,AlphaTauri,10.0,11.0,0,10.0,1.354,1,11.666666666666666,12.666666666666666,0.0,0.0,1.0,12.0,11.071428571428571,11.714285714285714,14.0,0,12.0,
2020,Bahrain Grand Prix,15,LAT,Williams,20.0,14.0,0,20.0,,0,16.0,19.666666666666668,0.0,0.0,3.6666666666666665,0.0,15.821428571428571,17.178571428571427,20.0,0,,15.0
2020,Bahrain Grand Prix,15,LEC,Ferrari,12.0,10.0,0,12.0,,0,4.333333333333333,8.333333333333334,0.2,0.0,4.0,34.0,10.071428571428571,10.25,5.0,0,7.5,6.75
2020,Bahrain Grand Prix,15,MAG,Haas F1 Team,18.0,17.0,0,18.0,,0,17.0,17.333333333333332,0.0,0.0,0.3333333333333333,0.0,15.392857142857142,16.857142857142858,19.0,0,9.0,12.75
2020,Bahrain Grand Prix,15,NOR,McLaren,9.0,4.0,0,9.0,1.278,1,9.666666666666666,9.333333333333334,0.6,0.0,-0.3333333333333333,8.0,9.25,8.0,8.0,0,6.0,10.0
2020,Bahrain Grand Prix,15,OCO,Renault,7.0,9.0,0,7.0,1.155,1,12.666666666666666,10.0,0.0,0.0,-2.6666666666666665,4.0,9.464285714285714,8.785714285714286,12.0,0,10.0,13.0
2020,Bahrain Grand Prix,15,PER,Racing Point,5.0,18.0,0,5.0,1.058,1,5.0,6.333333333333333,0.0,0.0,1.3333333333333333,32.0,8.642857142857142,8.0,4.0,0,13.0,12.0
2020,Bahrain Grand Prix,15,RAI,Alfa Romeo Racing,17.0,15.0,0,17.0,,0,11.666666666666666,14.0,0.0,0.0,2.3333333333333335,2.0,13.75,16.928571428571427,17.0,0,12.5,9.0
2020,Bahrain Grand Prix,15,RIC,Renault,6.0,7.0,0,6.0,1.153,1,7.333333333333333,6.666666666666667,0.0,0.0,-0.6666666666666666,18.0,9.464285714285714,8.785714285714286,6.0,0,19.0,13.0
2020,Bahrain Grand Prix,15,RUS,Williams,14.0,12.0,0,14.0,,0,15.333333333333334,15.0,0.2,0.0,-0.3333333333333333,0.0,15.821428571428571,17.178571428571427,21.0,0,15.0,15.0
2020,Bahrain Grand Prix,15,SAI,McLaren,15.0,5.0,0,15.0,,0,6.0,10.0,0.2,0.0,4.0,24.0,9.25,8.0,7.0,0,15.0,10.0
2020,Bahrain Grand Prix,15,STR,Racing Point,13.0,19.0,0,13.0,,0,14.0,9.333333333333334,0.0,0.0,-4.666666666666667,2.0,8.642857142857142,8.0,11.0,0,14.0,12.0
2020,Bahrain Grand Prix,15,VER,Red Bull Racing,3.0,2.0,0,3.0,0.414,1,8.666666666666666,2.6666666666666665,1.0,0.0,-6.0,23.0,8.107142857142858,5.25,3.0,0,11.5,12.75
2020,Bahrain Grand Prix,15,VET,Ferrari,11.0,13.0,0,11.0,,0,8.333333333333334,13.666666666666666,0.0,0.0,5.333333333333333,16.0,10.071428571428571,10.25,13.0,0,3.0,6.75
2020,Sakhir Grand Prix,16,AIT,Williams,17.0,16.0,0,18.0,,0,,,0.0,0.0,,,15.633333333333333,17.166666666666668,,1,,
2020,Sakhir Grand Prix,16,ALB,Red Bull Racing,12.0,6.0,0,12.0,,0,8.333333333333334,4.666666666666667,0.0,0.0,-3.6666666666666665,21.0,7.733333333333333,5.133333333333334,7.0,0,,
2020,Sakhir Grand Prix,16,BOT,Mercedes,1.0,8.0,0,1.0,0.0,1,8.0,4.0,0.0,0.0,-4.0,22.0,3.5,2.0,2.0,0,,
2020,Sakhir Grand Prix,16,FIT,Haas F1 Team,20.0,17.0,0,20.0,,0,,,0.0,0.0,,,15.6,16.966666666666665,,0,,
2020,Sakhir Grand Prix,16,GAS,AlphaTauri,9.0,11.0,0,9.0,0.777,1,13.0,9.0,0.0,0.0,-4.0,8.0,10.9,11.533333333333333,10.0,0,,
2020,Sakhir Grand Prix,16,GIO,Alfa Romeo Racing,14.0,13.0,0,14.0,,0,15.333333333333334,15.333333333333334,0.0,0.0,0.0,1.0,13.866666666666667,16.9,16.0,0,,
2020,Sakhir Grand Prix,16,KVY,AlphaTauri,6.0,7.0,0,6.0,0.529,1,9.0,11.666666666666666,0.0,0.0,2.6666666666666665,12.0,10.9,11.533333333333333,14.0,0,,
2020,Sakhir Grand Prix,16,LAT,Williams,16.0,18.0,0,17.0,,0,14.666666666666666,19.666666666666668,0.0,0.0,5.0,0.0,15.633333333333333,17.166666666666668,20.0,1,,
2020,Sakhir Grand Prix,16,LEC,Ferrari,4.0,20.0,0,4.0,0.236,1,6.333333333333333,11.0,0.2,0.0,4.666666666666667,23.0,10.166666666666666,10.333333333333334,6.0,0,,
2020,Sakhir Grand Prix,16,MAG,Haas F1 Team,15.0,15.0,0,16.0,,0,17.333333333333332,17.0,0.0,0.0,-0.3333333333333333,0.0,15.6,16.966666666666665,19.0,1,,
2020,Sakhir Grand Prix,16,NOR,McLaren,19.0,10.0,0,15.0,,0,6.666666666666667,9.666666666666666,0.6,0.0,3.0,20.0,8.933333333333334,8.266666666666667,8.0,1,,
2020,Sakhir Grand Prix,16,OCO,Renault,11.0,2.0,0,11.0,,0,13.0,8.666666666666666,0.0,0.0,-4.333333333333333,2.0,9.366666666666667,8.633333333333333,12.0,0,,
2020,Sakhir Grand Prix,16,PER,Racing Point,5.0,1.0,1,5.0,0.413,1,8.666666666666666,6.333333333333333,0.0,0.0,-2.3333333333333335,26.0,9.3,8.066666666666666,5.0,0,,
2020,Sakhir Grand Prix,16,RAI,Alfa Romeo Racing,18.0,14.0,0,19.0,,0,13.0,14.333333333333334,0.0,0.0,1.3333333333333333,2.0,13.866666666666667,16.9,17.0,1,,
2020,Sakhir Grand Prix,16,RIC,Renault,7.0,5.0,0,7.0,0.58,1,6.666666666666667,5.333333333333333,0.0,0.0,-1.3333333333333333,22.0,9.366666666666667,8.633333333333333,4.0,0,,
2020,Sakhir Grand Prix,16,RUS,Mercedes,2.0,9.0,0,2.0,0.026,1,14.666666666666666,15.0,0.2,0.0,0.3333333333333333,0.0,3.5,2.0,21.0,0,,
2020,Sakhir Grand Prix,16,SAI,McLaren,8.0,4.0,0,8.0,0.633,1,5.666666666666667,12.666666666666666,0.2,0.0,7.0,26.0,8.933333333333334,8.266666666666667,9.0,0,,
2020,Sakhir Grand Prix,16,STR,Racing Point,10.0,3.0,0,10.0,0.823,1,13.666666666666666,9.666666666666666,0.0,0.0,-4.0,2.0,9.3,8.066666666666666,11.0,0,,
2020,Sakhir Grand Prix,16,VER,Red Bull Racing,3.0,19.0,0,3.0,0.056,1,8.333333333333334,2.6666666666666665,1.0,0.0,-5.666666666666667,26.0,7.733333333333333,5.133333333333334,3.0,0,,
2020,Sakhir Grand Prix,16,VET,Ferrari,13.0,12.0,0,13.0,,0,9.333333333333334,12.333333333333334,0.0,0.0,3.0,15.0,10.166666666666666,10.333333333333334,13.0,0,,
2020,Abu Dhabi Grand Prix,17,ALB,Red Bull Racing,5.0,4.0,0,5.0,0.325,1,5.333333333333333,6.666666666666667,0.0,0.0,1.3333333333333333,29.0,8.03125,5.28125,8.0,0,6.0,4.0
2020,Abu Dhabi Grand Prix,17,BOT,Mercedes,2.0,2.0,0,2.0,0.025,1,10.0,4.0,0.0,0.0,-6.0,8.0,3.8125,1.96875,2.0,0,4.0,2.5
2020,Abu Dhabi Grand Prix,17,FIT,Haas F1 Team,17.0,19.0,0,19.0,,0,17.0,20.0,0.0,0.0,3.0,0.0,15.625,17.03125,23.0,1,,14.5
2020,Abu Dhabi Grand Prix,17,GAS,AlphaTauri,9.0,8.0,0,10.0,0.996,1,10.0,10.666666666666666,0.0,0.0,0.6666666666666666,8.0,10.78125,11.28125,11.0,1,18.0,
2020,Abu Dhabi Grand Prix,17,GIO,Alfa Romeo Racing,14.0,16.0,0,14.0,,0,16.333333333333332,13.333333333333334,0.0,0.0,-3.0,0.0,13.84375,16.875,16.0,0,16.0,14.5
2020,Abu Dhabi Grand Prix,17,HAM,Mercedes,3.0,3.0,0,3.0,0.086,1,1.0,3.0,0.0,0.0,2.0,75.0,3.8125,1.96875,1.0,0,1.0,2.5
2020,Abu Dhabi Grand Prix,17,KVY,AlphaTauri,7.0,11.0,0,7.0,0.717,1,10.0,11.0,0.0,0.0,1.0,6.0,10.78125,11.28125,14.0,0,9.0,
2020,Abu Dhabi Grand Prix,17,LAT,Williams,18.0,17.0,0,20.0,,0,17.0,19.0,0.0,0.0,2.0,0.0,15.71875,17.1875,21.0,1,,18.0
2020,Abu Dhabi Grand Prix,17,LEC,Ferrari,12.0,13.0,0,9.0,0.819,1,11.333333333333334,10.0,0.2,0.0,-1.3333333333333333,13.0,10.53125,10.21875,6.0,1,3.0,4.0
2020,Abu Dhabi Grand Prix,17,MAG,Haas F1 Team,20.0,18.0,0,17.0,,0,16.333333333333332,16.666666666666668,0.0,0.0,0.3333333333333333,0.0,15.625,17.03125,20.0,1,14.0,14.5
2020,Abu Dhabi Grand Prix,17,NOR,McLaren,4.0,5.0,0,4.0,0.251,1,7.333333333333333,11.666666666666666,0.6,0.0,4.333333333333333,17.0,8.8125,8.46875,9.0,0,8.0,9.0
2020,Abu Dhabi Grand Prix,17,OCO,Renault,10.0,9.0,0,11.0,,0,7.333333333333333,8.333333333333334,0.0,0.0,1.0,20.0,9.0,8.65625,12.0,1,,11.5
2020,Abu Dhabi Grand Prix,17,PER,Racing Point,19.0,20.0,0,15.0,,0,7.0,4.333333333333333,0.0,0.0,-2.6666666666666665,43.0,8.84375,8.03125,4.0,1,7.0,13.5
2020,Abu Dhabi Grand Prix,17,RAI,Alfa Romeo Racing,15.0,12.0,0,16.0,,0,14.666666666666666,14.666666666666666,0.0,0.0,0.0,0.0,13.84375,16.875,17.0,1,13.0,14.5
2020,Abu Dhabi Grand Prix,17,RIC,Renault,11.0,7.0,0,12.0,,0,7.333333333333333,6.0,0.0,0.0,-1.3333333333333333,17.0,9.0,8.65625,5.0,1,11.0,11.5
2020,Abu Dhabi Grand Prix,17,RUS,Williams,16.0,15.0,0,18.0,,0,12.333333333333334,11.333333333333334,0.2,0.0,-1.0,2.0,15.71875,17.1875,19.0,1,17.0,18.0
2020,Abu Dhabi Grand Prix,17,SAI,McLaren,6.0,6.0,0,6.0,0.569,1,4.666666666666667,12.0,0.2,0.0,7.333333333333333,32.0,8.8125,8.46875,7.0,0,10.0,9.0
2020,Abu Dhabi Grand Prix,17,STR,Racing Point,8.0,10.0,0,8.0,0.8,1,10.333333333333334,8.0,0.0,0.0,-2.3333333333333335,17.0,8.84375,8.03125,10.0,0,20.0,13.5
2020,Abu Dhabi Grand Prix,17,VER,Red Bull Racing,1.0,1.0,1,1.0,0.0,1,9.0,2.6666666666666665,1.0,0.0,-6.333333333333333,26.0,8.03125,5.28125,3.0,0,2.0,4.0
2020,Abu Dhabi Grand Prix,17,VET,Ferrari,13.0,14.0,0,13.0,,0,9.333333333333334,12.0,0.0,0.0,2.6666666666666665,15.0,10.53125,10.21875,13.0,0,5.0,4.0
